{
	"configs": [{
		"xmlfilename" : "Files/Electronicamente/Electronicamente.xml",
		"xslfilename" : "structure.xsl",
        "finalxmlfilename" : "Files/Electronicamente/CW-Electronicamente.xml",
        "xslpath" : "rss/producto",
		"structure" : [{
			"id" : "IDdelproducto",
			"name" : "nombre",
			"description" : "description",
			"link" : "deeplink",
			"price" : "precioactual",
			"image" : "image",
			"lastprice" : "precioanterior",
			"category" : "categoria_catalogate",
			"brand" : "marca"
		}]
	}]
}